date,total_vaccinations,total_distributed,people_vaccinated,people_fully_vaccinated_per_hundred,total_vaccinations_per_hundred,people_fully_vaccinated,people_vaccinated_per_hundred,distributed_per_hundred,daily_vaccinations_raw,daily_vaccinations,daily_vaccinations_per_million,share_doses_used,total_boosters,total_boosters_per_hundred
1/12/2021,227685,768150,207786,0.19,2.28,19472,2.08,7.69,,,,0.296,,
1/13/2021,291519,772150,259119,0.32,2.92,31937,2.59,7.73,63834,63834,6392,0.378,,
1/14/2021,327235,773650,286349,,3.28,,2.87,7.75,35716,49775,4984,0.423,,
1/15/2021,364182,773750,312415,0.49,3.65,48536,3.13,7.75,36947,45499,4556,0.471,,
1/16/2021,,,,,,,,,,41587,4164,,,
1/17/2021,,,,,,,,,,39240,3929,,,
1/18/2021,,,,,,,,,,37676,3773,,,
1/19/2021,483592,773750,417228,0.63,4.84,62780,4.18,7.75,,36558,3661,0.625,,
1/20/2021,508607,1031100,434402,0.71,5.09,70535,4.35,10.32,25015,31013,3105,0.493,,
1/21/2021,548844,1059275,463917,0.81,5.5,81014,4.65,10.61,40237,31658,3170,0.518,,
1/22/2021,595454,1094275,497958,0.93,5.96,92473,4.99,10.96,46610,33039,3308,0.544,,
1/23/2021,652661,1095675,536228,1.06,6.54,105890,5.37,10.97,57207,36947,3700,0.596,,
1/24/2021,695273,1095675,573167,1.11,6.96,111243,5.74,10.97,42612,38769,3882,0.635,,
1/25/2021,727437,1095675,599665,1.17,7.28,116840,6,10.97,32164,39100,3915,0.664,,
1/26/2021,742270,1289025,611090,1.2,7.43,119962,6.12,12.91,14833,36954,3700,0.576,,
1/27/2021,772031,1352100,629437,1.31,7.73,131282,6.3,13.54,29761,37632,3768,0.571,,
1/28/2021,814416,1359700,659118,1.44,8.15,143757,6.6,13.61,42385,37939,3799,0.599,,
1/29/2021,866663,1361500,695236,1.6,8.68,159723,6.96,13.63,52247,38744,3879,0.637,,
1/30/2021,922423,1362600,734903,1.75,9.24,175117,7.36,13.64,55760,38537,3859,0.677,,
1/31/2021,977030,1362600,772944,1.91,9.78,190777,7.74,13.64,54607,40251,4030,0.717,,
2/1/2021,1005544,1362600,794391,1.98,10.07,197770,7.95,13.64,28514,39730,3978,0.738,,
2/2/2021,1015483,1608250,801811,2.01,10.17,200265,8.03,16.1,9939,39030,3908,0.631,,
2/3/2021,1042268,1629000,814362,2.15,10.44,214234,8.15,16.31,26785,38605,3866,0.64,,
2/4/2021,1078808,1634000,835524,2.3,10.8,229373,8.37,16.36,36540,37770,3782,0.66,,
2/5/2021,1134175,1639575,866766,2.53,11.36,252963,8.68,16.42,55367,38216,3827,0.692,,
2/6/2021,1193181,1639575,896162,2.83,11.95,282345,8.97,16.42,59006,38680,3873,0.728,,
2/7/2021,1251940,1639575,924494,3.13,12.54,312240,9.26,16.42,58759,39273,3932,0.764,,
2/8/2021,1282375,1639575,938279,3.29,12.84,328801,9.4,16.42,30435,39547,3960,0.782,,
2/9/2021,1309883,1846625,950705,3.44,13.12,343580,9.52,18.49,27508,42057,4211,0.709,,
2/10/2021,1358924,1865325,971480,3.72,13.61,371358,9.73,18.68,49041,45237,4530,0.729,,
2/11/2021,1412047,1895500,997466,3.99,14.14,398177,9.99,18.98,53123,47606,4767,0.745,,
2/12/2021,1465627,1896800,1023114,4.26,14.68,425663,10.24,18.99,53580,47350,4741,0.773,,
2/13/2021,1537856,1919675,1061320,4.6,15.4,459336,10.63,19.22,72229,49239,4930,0.801,,
2/14/2021,1604973,1919975,1096479,4.92,16.07,490997,10.98,19.23,67117,50433,5050,0.836,,
2/15/2021,,,,,,,,,,49802,4987,,,
2/16/2021,1657007,2134425,1124024,5.16,16.59,515237,11.26,21.37,,49589,4965,0.776,,
2/17/2021,1680901,2146125,1136393,5.27,16.83,526520,11.38,21.49,23894,45997,4606,0.783,,
2/18/2021,1718790,2174800,1155117,5.46,17.21,545553,11.57,21.78,37889,43820,4388,0.79,,
2/19/2021,1833886,2270370,1223696,5.93,18.36,591771,12.25,22.73,115096,52608,5268,0.808,,
2/20/2021,1884038,2279240,1247602,6.19,18.87,617751,12.49,22.82,50152,49455,4952,0.827,,
2/21/2021,1933648,2279240,1267083,6.48,19.36,647617,12.69,22.82,49610,46954,4702,0.848,,
2/22/2021,1972201,2279240,1304589,6.82,19.75,681226,13.06,22.82,38553,48744,4881,0.865,,
2/23/2021,1985511,2448580,1310846,6.89,19.88,688417,13.13,24.52,13310,46929,4699,0.811,,
2/24/2021,2044496,2629540,1341342,7.17,20.47,716292,13.43,26.33,58985,51942,5201,0.778,,
2/25/2021,2103114,2672490,1364572,7.53,21.06,751675,13.66,26.76,58618,54903,5498,0.787,,
2/26/2021,2165950,2679290,1399281,7.81,21.69,780148,14.01,26.83,62836,47438,4750,0.808,,
2/27/2021,2245696,2704700,1444239,8.17,22.49,815724,14.46,27.08,79746,51665,5173,0.83,,
2/28/2021,2318415,2704700,1491316,8.44,23.21,842942,14.93,27.08,72719,54967,5504,0.857,,
3/1/2021,2357259,2704700,1514180,8.61,23.6,859526,15.16,27.08,38844,55008,5508,0.872,,
3/2/2021,2389534,3103600,1536958,8.71,23.93,870088,15.39,31.08,32275,57718,5779,0.77,,
3/3/2021,2423899,3148950,1562225,8.81,24.27,879863,15.64,31.53,34365,54200,5427,0.77,,
3/4/2021,2476796,3179160,1590980,9.06,24.8,904341,15.93,31.83,52897,53383,5345,0.779,,
3/5/2021,2555112,3290960,1644210,9.32,25.58,930381,16.46,32.95,78316,55595,5567,0.776,,
3/6/2021,2637353,3363430,1702571,9.57,26.41,955377,17.05,33.68,82241,55951,5602,0.784,,
3/7/2021,2716893,3363430,1758766,9.82,27.2,980255,17.61,33.68,79540,56925,5700,0.808,,
3/8/2021,2765577,3363430,1789580,10.04,27.69,1002567,17.92,33.68,48684,58331,5841,0.822,,
3/9/2021,2787289,3758740,1805357,10.11,27.91,1009603,18.08,37.64,21712,56822,5690,0.742,,
3/10/2021,2831319,3777560,1834706,10.27,28.35,1025697,18.37,37.83,44030,58203,5828,0.75,,
3/11/2021,2899309,3826540,1880098,10.52,29.03,1050447,18.83,38.32,67990,60359,6044,0.758,,
3/12/2021,2983009,3847200,1936578,10.84,29.87,1082171,19.39,38.52,83700,61128,6121,0.775,,
3/13/2021,3076878,3925470,2001598,11.17,30.81,1115924,20.04,39.31,93869,62789,6287,0.784,,
3/14/2021,3166094,3925470,2053751,11.58,31.7,1156819,20.56,39.31,89216,64172,6426,0.807,,
3/15/2021,3170085,3925470,2056704,11.62,31.74,1160803,20.59,39.31,3991,57787,5786,0.808,,
3/16/2021,3245598,4269320,2105973,11.93,32.5,1191877,21.09,42.75,75513,65473,6556,0.76,,
3/17/2021,3310710,4357770,2152908,12.18,33.15,1216351,21.56,43.64,65112,68484,6857,0.76,,
3/18/2021,3396328,4386080,2216026,12.45,34.01,1243440,22.19,43.92,85618,71003,7110,0.774,,
3/19/2021,3484418,4429550,2271780,12.84,34.89,1282070,22.75,44.35,88090,71630,7172,0.787,,
3/20/2021,3589255,4543010,2339274,13.27,35.94,1325005,23.42,45.49,104837,73197,7329,0.79,,
3/21/2021,3681378,4543010,2398995,13.66,36.86,1364521,24.02,45.49,92123,73612,7371,0.81,,
3/22/2021,3747788,4543010,2442742,13.95,37.53,1392828,24.46,45.49,66410,82529,8264,0.825,,
3/23/2021,3776838,5015690,2463672,14.06,37.82,1404164,24.67,50.22,29050,75891,7599,0.753,,
3/24/2021,3841144,5060850,2508416,14.31,38.46,1429276,25.12,50.68,64306,75776,7588,0.759,,
3/25/2021,3914742,5114300,2561046,14.61,39.2,1458881,25.64,51.21,73598,74059,7416,0.765,,
3/26/2021,4006900,5163450,2616763,15.05,40.12,1502636,26.2,51.7,92158,74640,7474,0.776,,
3/27/2021,4114426,5249380,2672984,15.64,41.2,1561981,26.77,52.56,107526,75024,7512,0.784,,
3/28/2021,4214787,5249380,2725322,16.18,42.2,1616040,27.29,52.56,100361,76201,7630,0.803,,
3/29/2021,4295979,5249380,2779143,16.5,43.02,1647950,27.83,52.56,81192,78313,7842,0.818,,
3/30/2021,4329057,5813980,2801025,16.63,43.35,1661102,28.05,58.22,33078,78888,7899,0.745,,
3/31/2021,4419793,5889820,2858070,16.95,44.26,1693046,28.62,58.98,90736,82664,8277,0.75,,
4/1/2021,4514072,5927830,2914902,17.38,45.2,1735920,29.19,59.36,94279,85619,8573,0.762,,
4/2/2021,4619345,5973350,2978177,17.87,46.25,1784990,29.82,59.81,105273,87492,8761,0.773,,
4/3/2021,4749818,6104740,3044568,18.59,47.56,1856996,30.49,61.13,130473,90770,9089,0.778,,
4/4/2021,4848250,6104840,3100736,19.08,48.55,1905400,31.05,61.13,98432,90495,9061,0.794,,
4/5/2021,4912079,6104840,3139123,19.4,49.19,1937375,31.43,61.13,63829,88014,8813,0.805,,
4/6/2021,4937557,6733310,3154400,19.51,49.44,1948930,31.59,67.42,25478,86929,8704,0.733,,
4/7/2021,5013346,6822720,3199731,19.88,50.2,1985425,32.04,68.32,75789,84793,8490,0.735,,
4/8/2021,5112551,6843720,3259375,20.42,51.19,2039778,32.64,68.53,99205,85497,8561,0.747,,
4/9/2021,5223390,6895860,3326666,21,52.3,2097665,33.31,69.05,110839,86292,8641,0.757,,
4/10/2021,5372960,7025100,3418037,21.78,53.8,2175595,34.23,70.34,149570,89020,8914,0.765,,
4/11/2021,5496030,7025100,3491441,22.52,55.03,2248768,34.96,70.34,123070,92540,9266,0.782,,
4/12/2021,5585259,7025100,3542996,23.08,55.93,2305267,35.48,70.34,89229,96169,9630,0.795,,
4/13/2021,5620259,7416310,3565157,23.28,56.28,2324765,35.7,74.26,35000,97529,9766,0.758,,
4/14/2021,5697977,7643000,3609519,23.73,57.05,2369798,36.14,76.53,77718,97804,9793,0.746,,
4/15/2021,5805782,7657840,3669807,24.27,58.13,2423714,36.75,76.68,107805,99033,9916,0.758,,
4/16/2021,5921344,7717610,3737661,24.78,59.29,2475149,37.43,77.28,115562,99708,9984,0.767,,
4/17/2021,6045853,7872710,3802759,25.42,60.54,2539039,38.08,78.83,124509,96128,9625,0.768,,
4/18/2021,6158414,7872710,3860219,26,61.67,2596633,38.65,78.83,112561,94626,9475,0.782,,
4/19/2021,6202312,7872710,3879065,26.27,62.1,2623298,38.84,78.83,43898,88150,8827,0.788,,
4/20/2021,6234096,8244950,3892446,26.46,62.42,2642848,38.98,82.56,31784,87691,8781,0.756,,
4/21/2021,6330276,8482260,3930114,27.05,63.39,2701490,39.35,84.93,96180,90328,9045,0.746,,
4/22/2021,6440845,8545180,3977656,27.7,64.49,2765862,39.83,85.56,110569,90723,9084,0.754,,
4/23/2021,6554194,8633580,4028963,28.34,65.63,2830069,40.34,86.45,113349,90407,9053,0.759,,
4/24/2021,6662538,8738230,4073953,29,66.71,2895690,40.79,87.5,108344,88098,8821,0.762,,
4/25/2021,6769798,8738230,4114799,29.68,67.79,2963747,41.2,87.5,107260,87341,8746,0.775,,
4/26/2021,6832809,8738230,4142490,30.04,68.42,3000458,41.48,87.5,63011,90071,9019,0.782,,
4/27/2021,6859562,9199070,4155224,30.19,68.69,3015497,41.61,92.11,26753,89352,8947,0.746,,
4/28/2021,6948146,9281270,4187013,30.77,69.57,3072860,41.93,92.93,88584,88267,8838,0.749,,
4/29/2021,7023900,9338570,4218933,31.23,70.33,3118484,42.24,93.51,75754,83294,8340,0.752,,
4/30/2021,7118239,9418050,4253463,31.84,71.28,3180171,42.59,94.3,94339,80578,8068,0.756,,
5/1/2021,7216189,9500250,4285781,32.53,72.26,3248981,42.91,95.13,97950,79093,7920,0.76,,
5/2/2021,7281555,9500250,4309430,32.98,72.91,3293231,43.15,95.13,65366,73108,7320,0.766,,
5/3/2021,7312923,9500250,4319183,33.2,73.23,3316035,43.25,95.13,31368,68588,6868,0.77,,
5/4/2021,7325604,9879700,4322662,33.3,73.35,3325862,43.28,98.93,12681,66577,6666,0.741,,
5/5/2021,7373940,9903340,4339865,33.63,73.84,3359000,43.46,99.16,48336,60828,6091,0.745,,
5/6/2021,7449790,9937440,4365369,34.18,74.6,3413191,43.71,99.51,75850,60841,6092,0.75,,
5/7/2021,7536559,9994590,4393499,34.8,75.46,3475474,43.99,100.08,86769,59760,5984,0.754,,
5/8/2021,7612067,10065270,4414798,35.37,76.22,3532443,44.21,100.79,75508,56554,5663,0.756,,
5/9/2021,7688179,10065270,4438313,35.93,76.98,3588702,44.44,100.79,76112,58089,5817,0.764,,
5/10/2021,7735604,10065270,4455395,36.27,77.46,3621896,44.61,100.79,47425,60383,6046,0.769,,
5/11/2021,7773743,10295950,4474136,36.53,77.84,3648246,44.8,103.09,38139,64020,6410,0.755,,
5/12/2021,7817715,10412010,4488318,36.85,78.28,3679877,44.94,104.26,43972,63396,6348,0.751,,
5/13/2021,7875785,10435450,4504927,37.29,78.86,3724513,45.11,104.49,58070,60856,6094,0.755,,
5/14/2021,7933809,10489310,4520552,37.74,79.44,3768758,45.27,105.03,58024,56750,5682,0.756,,
5/15/2021,8005256,10576610,4546214,38.22,80.16,3817108,45.52,105.91,71447,56170,5624,0.757,,
5/16/2021,8073206,10576610,4575076,38.63,80.84,3858133,45.81,105.91,67950,55004,5508,0.763,,
5/17/2021,8113368,10576610,4592874,38.87,81.24,3881437,45.99,105.91,40162,53966,5404,0.767,,
5/18/2021,8137664,10577110,4607412,38.98,81.48,3892532,46.13,105.91,24296,51989,5206,0.769,,
5/19/2021,8183944,10649250,4628676,39.25,81.95,3919803,46.35,106.63,46280,52318,5239,0.768,,
5/20/2021,8246377,10781640,4658616,39.6,82.57,3954752,46.65,107.96,62433,52942,5301,0.765,,
5/21/2021,8305925,10869770,4687194,39.93,83.17,3987921,46.93,108.84,59548,53159,5323,0.764,,
5/22/2021,8384059,10950450,4726417,40.35,83.95,4029544,47.33,109.65,78134,54115,5419,0.766,,
5/23/2021,8439354,10950450,4750912,40.68,84.5,4062590,47.57,109.65,55295,52307,5238,0.771,,
5/24/2021,8474785,10950450,4768024,40.86,84.86,4081032,47.74,109.65,35431,51631,5170,0.774,,
5/25/2021,8489240,10984640,4776232,40.93,85,4088004,47.83,109.99,14455,50225,5029,0.773,,
5/26/2021,8489495,11079590,4776710,40.94,85.01,4088489,47.83,110.94,255,43650,4371,0.766,,
5/27/2021,8570263,11133270,4813250,41.4,85.82,4134551,48.2,111.48,80768,46269,4633,0.77,,
5/28/2021,8611623,11171790,4831559,41.65,86.23,4159326,48.38,111.86,41360,43671,4373,0.771,,
5/29/2021,8652493,11229100,4850148,41.89,86.64,4183665,48.57,112.44,40870,38348,3840,0.771,,
5/30/2021,8687279,11229100,4866653,42.09,86.99,4203466,48.73,112.44,34786,35418,3546,0.774,,
5/31/2021,,,,,,,,,,32266,3231,,,
6/1/2021,8714009,11229100,4882092,42.22,87.25,4216249,48.89,112.44,,32110,3215,0.776,,
6/2/2021,8720932,11231440,4885204,42.26,87.32,4220506,48.92,112.46,6923,33062,3311,0.776,,
6/3/2021,8742979,11259530,4894011,42.4,87.54,4234717,49,112.74,22047,24674,2471,0.776,,
6/4/2021,8773775,11306810,4906974,42.6,87.85,4254006,49.13,113.22,30796,23165,2320,0.776,,
6/5/2021,8774074,11374440,4907438,42.6,87.86,4254374,49.14,113.89,299,17369,1739,0.771,,
6/6/2021,8811858,11374440,4923076,42.84,88.23,4278305,49.3,113.89,37784,17797,1782,0.775,,
6/7/2021,8848018,11374440,4936204,43.09,88.6,4302847,49.43,113.89,36160,21053,2108,0.778,,
6/8/2021,8886592,11388960,4949232,43.35,88.98,4329582,49.56,114.04,38574,24655,2469,0.78,,
6/9/2021,8915473,11390780,4958705,43.56,89.27,4349940,49.65,114.06,28881,27792,2783,0.783,,
6/10/2021,8952922,11411120,4971722,43.82,89.65,4376010,49.78,114.26,37449,29992,3003,0.785,,
6/11/2021,8953195,11417310,4971897,43.82,89.65,4376338,49.78,114.32,273,25631,2566,0.784,,
6/12/2021,8994933,11436950,4986708,44.1,90.07,4404586,49.93,114.52,41738,31551,3159,0.786,,
6/13/2021,9039175,11436950,5001717,44.41,90.51,4434974,50.08,114.52,44242,32474,3252,0.79,,
6/14/2021,9078611,11436950,5014863,44.69,90.91,4462925,50.21,114.52,39436,32942,3299,0.794,,
6/15/2021,9109439,11442840,5024366,44.91,91.21,4485169,50.31,114.58,30828,31835,3188,0.796,,
6/16/2021,9109576,11450790,5024633,44.91,91.22,4485517,50.31,114.66,137,27729,2777,0.796,,
6/17/2021,9185561,11486550,5047582,45.46,91.98,4540507,50.54,115.02,75985,33234,3328,0.8,,
6/18/2021,9185778,11507140,5048002,45.47,91.98,4540979,50.55,115.22,217,33226,3327,0.798,,
6/19/2021,9239321,11523660,5066990,45.83,92.51,4577451,50.74,115.39,53543,34913,3496,0.802,,
6/20/2021,9239419,11523660,5067296,45.84,92.52,4577805,50.74,115.39,98,28606,2864,0.802,,
6/21/2021,9277147,11523660,5081095,46.09,92.89,4602901,50.88,115.39,37728,28362,2840,0.805,,
6/22/2021,9285546,11540150,5084444,46.14,92.98,4608073,50.91,115.55,8399,25158,2519,0.805,,
6/23/2021,9297932,11541970,5090307,46.22,93.1,4615434,50.97,115.57,12386,26908,2694,0.806,,
6/24/2021,9313318,11554450,5097485,46.31,93.26,4624503,51.04,115.7,15386,18251,1828,0.806,,
6/25/2021,9332321,11566580,5105200,46.43,93.45,4636500,51.12,115.82,19003,20935,2096,0.807,,
6/26/2021,9353199,11584370,5113554,46.56,93.66,4650218,51.2,116,20878,16268,1629,0.807,,
6/27/2021,9353273,11584370,5113865,46.57,93.66,4650619,51.21,116,74,16265,1629,0.807,,
6/28/2021,9353283,11584370,5114191,46.57,93.66,4651087,51.21,116,10,10877,1089,0.807,,
6/29/2021,9411471,11588390,5130537,46.99,94.24,4693169,51.37,116.04,58188,17989,1801,0.812,,
6/30/2021,9424037,11589010,5136486,47.07,94.36,4701047,51.43,116.04,12566,18015,1804,0.813,,
7/1/2021,9438647,11604190,5142970,47.16,94.51,4709737,51.5,116.19,14610,17904,1793,0.813,,
7/2/2021,9453792,11609010,5149074,47.25,94.66,4719220,51.56,116.24,15145,17353,1738,0.814,,
7/3/2021,9460993,11618810,5152285,47.31,94.73,4724478,51.59,116.34,7201,15399,1542,0.814,,
7/4/2021,9467173,11618810,5154933,47.34,94.8,4728063,51.62,116.34,6180,16271,1629,0.815,,
7/5/2021,,,,,,,,,,16351,1637,,,
7/6/2021,9468301,11618810,5155585,47.35,94.81,4728832,51.62,116.34,,8119,813,0.815,,
7/7/2021,9469534,11618810,5156153,47.36,94.82,4729679,51.63,116.34,1233,6500,651,0.815,,
7/8/2021,9494060,11670090,5166841,47.51,95.07,4744557,51.74,116.85,24526,7916,793,0.814,,
7/9/2021,9527196,11682630,5180530,47.69,95.4,4762981,51.87,116.98,33136,10486,1050,0.816,,
7/10/2021,9547108,11707700,5188103,47.79,95.6,4772417,51.95,117.23,19912,12302,1232,0.815,,
7/11/2021,9562802,11707700,5194385,47.86,95.75,4780127,52.01,117.23,15694,13661,1368,0.817,,
7/12/2021,9574588,11707700,5198679,47.92,95.87,4785512,52.06,117.23,11786,15264,1528,0.818,,
7/13/2021,9582679,11712540,5201454,47.95,95.95,4788482,52.08,117.28,8091,16340,1636,0.818,,
7/14/2021,9595338,11720480,5206308,48,96.08,4794113,52.13,117.36,12659,17972,1800,0.819,,
7/15/2021,9608785,11744550,5211451,48.06,96.21,4800032,52.18,117.6,13447,16389,1641,0.818,,
7/16/2021,9608945,11766210,5211744,48.07,96.22,4800288,52.19,117.82,160,11678,1169,0.817,,
7/17/2021,9638398,11786370,5223222,48.19,96.51,4812992,52.3,118.02,29453,13041,1306,0.818,,
7/18/2021,9638468,11786370,5223413,48.19,96.51,4813144,52.3,118.02,70,10809,1082,0.818,,
7/19/2021,9638481,11786370,5223544,48.2,96.51,4813230,52.3,118.02,13,9128,914,0.818,,
7/20/2021,9672048,11791880,5236848,48.33,96.85,4826819,52.44,118.07,33567,12767,1278,0.82,,
7/21/2021,9684635,11801690,5242166,48.38,96.97,4831862,52.49,118.17,12587,12757,1277,0.821,,
7/22/2021,9699731,11828350,5248955,48.44,97.12,4837915,52.56,118.44,15096,12992,1301,0.82,,
7/23/2021,9715213,11881010,5256203,48.5,97.28,4844049,52.63,118.97,15482,15181,1520,0.818,,
7/24/2021,9728587,11915480,5262738,48.55,97.41,4849008,52.7,119.31,13374,12884,1290,0.816,,
7/25/2021,9742695,11915240,5269709,48.61,97.56,4854367,52.77,119.31,14108,14890,1491,0.818,,
7/26/2021,9749048,11915240,5273707,48.63,97.62,4856950,52.81,119.31,6353,15795,1582,0.818,,
7/27/2021,9753706,11928460,5276788,48.65,97.67,4858654,52.84,119.44,4658,11665,1168,0.818,,
7/28/2021,9763518,11942650,5283060,48.69,97.76,4862573,52.9,119.58,9812,11269,1128,0.818,,
7/29/2021,9775528,11980240,5290605,48.74,97.88,4867569,52.98,119.96,12010,10828,1084,0.816,,
7/30/2021,9786134,12004110,5297149,48.8,97.99,4873178,53.04,120.2,10606,10132,1015,0.815,,
7/31/2021,9798817,12036590,5305202,48.85,98.12,4878436,53.12,120.52,12683,10033,1005,0.814,,
8/1/2021,9814438,12036590,5314500,48.92,98.27,4885353,53.21,120.52,15621,10249,1026,0.815,,
8/2/2021,9814443,12036590,5314690,48.92,98.27,4885429,53.22,120.52,5,9342,935,0.815,,
8/3/2021,9828892,12051770,5324147,48.97,98.42,4890859,53.31,120.68,14449,10741,1076,0.816,,
8/4/2021,9840190,12067890,5331454,49.02,98.53,4895367,53.38,120.84,11298,10953,1097,0.815,,
8/5/2021,9853367,12104590,5340334,49.07,98.66,4900413,53.47,121.21,13177,11120,1113,0.814,,
8/6/2021,9867777,12133830,5349896,49.13,98.81,4906126,53.57,121.5,14410,11663,1168,0.813,,
8/7/2021,9880185,12198930,5358090,49.17,98.93,4911007,53.65,122.15,12408,11624,1164,0.81,,
8/8/2021,9893303,12198930,5366731,49.23,99.06,4916181,53.74,122.15,13118,11266,1128,0.811,,
8/9/2021,9893319,12199070,5366926,49.23,99.06,4916256,53.74,122.15,16,11268,1128,0.811,,
8/10/2021,9908203,12204280,5376820,49.28,99.21,4921730,53.84,122.2,14884,11330,1134,0.812,,
8/11/2021,9919802,12228820,5384006,49.33,99.33,4926748,53.91,122.45,11599,11373,1139,0.811,,
8/12/2021,9931532,12266270,5391275,49.38,99.45,4931926,53.98,122.82,11730,11166,1118,0.81,,
8/13/2021,9945106,12305440,5399563,49.44,99.58,4937718,54.07,123.22,13574,11047,1106,0.808,,
8/14/2021,9959554,12324690,5408284,49.51,99.73,4944192,54.15,123.41,14448,11338,1135,0.808,,
8/15/2021,9971999,12324830,5415561,49.56,99.85,4949850,54.23,123.41,12445,11242,1126,0.809,,
8/16/2021,9980408,12324830,5420514,49.6,99.94,4953700,54.28,123.41,8409,12441,1246,0.81,,
8/17/2021,9986330,12344500,5423670,49.63,99.99,4955984,54.31,123.61,5922,11161,1118,0.809,,
8/18/2021,9999143,12458850,5430165,49.68,100.12,4961550,54.37,124.75,12813,11334,1135,0.803,,
8/19/2021,10015494,12515080,5437870,49.75,100.29,4968423,54.45,125.32,16351,11995,1201,0.8,,
8/20/2021,10029672,12567410,5444577,49.81,100.43,4974248,54.52,125.84,14178,12081,1210,0.798,,
8/21/2021,10046612,12608570,5452614,49.88,100.6,4981158,54.6,126.25,16940,12437,1245,0.797,,
8/22/2021,10065791,12609020,5461450,49.96,100.79,4989106,54.69,126.26,19179,13399,1342,0.798,,
8/23/2021,10074092,12609020,5464993,49.99,100.87,4992872,54.72,126.26,8301,13383,1340,0.799,,
8/24/2021,10080912,12609020,5468125,50.03,100.94,4996080,54.75,126.26,6820,13512,1353,0.8,,
8/25/2021,10094695,12622170,5474490,50.09,101.08,5002546,54.82,126.39,13783,13650,1367,0.8,,
8/26/2021,10112558,12757710,5482786,50.17,101.26,5010513,54.9,127.74,17863,13866,1388,0.793,,
8/27/2021,10131404,12796610,5491388,50.26,101.45,5018900,54.99,128.13,18846,14533,1455,0.792,,
8/28/2021,10149473,12851880,5500024,50.33,101.63,5026532,55.07,128.69,18069,14694,1471,0.79,,
8/29/2021,10167391,12860840,5508073,50.41,101.81,5034646,55.15,128.78,17918,14514,1453,0.791,,
8/30/2021,10179797,12860840,5513257,50.47,101.93,5040341,55.21,128.78,12406,15101,1512,0.792,,
8/31/2021,10187046,12871020,5516637,50.5,102,5043602,55.24,128.88,7249,15162,1518,0.791,,
9/1/2021,10202077,12917690,5523360,50.57,102.16,5050254,55.31,129.35,15031,15340,1536,0.79,,
9/2/2021,10219092,12951770,5530746,50.65,102.33,5057861,55.38,129.69,17015,15219,1524,0.789,,
9/3/2021,10234537,12971450,5537077,50.71,102.48,5064445,55.44,129.89,15445,14733,1475,0.789,,
9/4/2021,10249429,13032980,5543452,50.78,102.63,5070925,55.51,130.5,14892,14279,1430,0.786,619,0.01
9/5/2021,,,,,,,,,,13014,1303,,,
9/6/2021,,,,,,,,,,12536,1255,,,
9/7/2021,10276607,13032880,5554589,50.9,102.9,5083552,55.62,130.5,,12794,1281,0.789,4772,0.05
9/8/2021,10280439,13039900,5556414,50.92,102.94,5085479,55.64,130.57,3832,11195,1121,0.788,4889,0.05
9/9/2021,10291085,13094280,5560413,50.97,103.05,5090783,55.68,131.12,10646,10285,1030,0.786,6706,0.07
9/10/2021,10310263,13113390,5567113,51.06,103.24,5099127,55.74,131.31,19178,10818,1083,0.786,11331,0.11
9/11/2021,10323430,13155800,5572538,51.12,103.37,5105325,55.8,131.73,13167,10572,1059,0.785,13410,0.13
9/12/2021,10337553,13155800,5578561,51.19,103.51,5112061,55.86,131.73,14123,11295,1131,0.786,15350,0.15
9/13/2021,10347472,13155800,5583120,51.23,103.61,5116644,55.9,131.73,9919,11418,1143,0.787,16385,0.16
9/14/2021,10352589,13167470,5585777,51.26,103.66,5119223,55.93,131.85,5117,10855,1087,0.786,16387,0.16
9/15/2021,10364171,13193780,5590878,51.31,103.78,5124730,55.98,132.11,11582,11962,1198,0.786,17818,0.18
9/16/2021,10377873,13235160,5597115,51.38,103.92,5131130,56.04,132.53,13702,12398,1241,0.784,19445,0.19
9/17/2021,10391234,13275060,5602946,51.44,104.05,5137638,56.1,132.93,13361,11567,1158,0.783,20972,0.21
9/18/2021,10436377,13321110,5625740,51.63,104.5,5155873,56.33,133.39,45143,16135,1616,0.783,26374,0.26
9/19/2021,10455358,13321110,5634229,51.72,104.69,5164900,56.42,133.39,18981,16829,1685,0.785,28493,0.29
9/20/2021,10467648,13321110,5639767,51.78,104.81,5170758,56.47,133.39,12290,17168,1719,0.786,29589,0.3
9/21/2021,10480280,13330410,5645040,51.83,104.94,5176433,56.52,133.48,12632,18242,1827,0.786,31421,0.31
9/22/2021,10491634,13347880,5649774,51.89,105.05,5181713,56.57,133.65,11354,18209,1823,0.786,33111,0.33
9/23/2021,10505445,13388650,5655774,51.95,105.19,5187960,56.63,134.06,13811,18225,1825,0.785,35109,0.35
9/24/2021,10518163,13463880,5661187,52,105.32,5193535,56.69,134.82,12718,18133,1816,0.781,37220,0.37
9/25/2021,10532217,13486810,5667160,52.07,105.46,5199673,56.75,135.05,14054,13691,1371,0.781,39440,0.39
9/26/2021,10552265,13491490,5673591,52.14,105.66,5206740,56.81,135.09,20048,13844,1386,0.782,46452,0.47
9/27/2021,10568980,13491490,5678293,52.18,105.83,5210719,56.86,135.09,16715,14476,1450,0.783,54583,0.55
9/28/2021,10582485,13499370,5681582,52.2,105.96,5213156,56.89,135.17,13505,14601,1462,0.784,62416,0.62
9/29/2021,10604779,13527270,5686759,52.24,106.19,5217138,56.94,135.45,22294,16164,1619,0.784,75909,0.76
9/30/2021,10627069,13528820,5691822,52.28,106.41,5221120,56.99,135.47,22290,17375,1740,0.786,89496,0.9
10/1/2021,,,,,,,,,,19319,1934,,,
10/2/2021,,,,,,,,,,21072,2110,,,
10/3/2021,,,,,,,,,,21969,2200,,,
10/4/2021,,,,,,,,,,23342,2337,,,
10/5/2021,,,,,,,,,,25173,2521,,,
10/6/2021,,,,,,,,,,25749,2578,,,
10/7/2021,,,,,,,,,,26326,2636,,,
10/8/2021,10837674,13828620,5693216,52.37,108.52,5230448,57.01,138.47,,26326,2636,0.784,286357,2.87
10/9/2021,10916450,13858110,5708654,52.6,109.31,5253381,57.16,138.76,78776,33819,3386,0.788,327850,3.28
10/10/2021,,,,,,,,,,32732,3278,,,
10/11/2021,,,,,,,,,,31646,3169,,,
10/12/2021,10972618,13869960,5719301,52.71,109.87,5264411,57.27,138.88,,30560,3060,0.791,362945,3.63
10/13/2021,10991701,13887780,5723169,52.76,110.06,5268635,57.31,139.06,19083,29525,2956,0.791,374281,3.75
10/14/2021,11020234,13923260,5729101,52.81,110.35,5274332,57.37,139.42,28533,29841,2988,0.791,391602,3.92
10/15/2021,11046958,14004330,5734144,52.86,110.61,5279134,57.42,140.23,26724,29898,2994,0.789,408850,4.09
10/16/2021,11069899,14040740,5738869,52.9,110.84,5283354,57.46,140.59,22941,21921,2195,0.788,423202,4.24
10/17/2021,11099066,14035320,5744548,52.96,111.14,5289008,57.52,140.54,29167,23413,2344,0.791,441437,4.42
10/18/2021,11103157,14035320,5745449,52.97,111.18,5289728,57.53,140.54,4091,21323,2135,0.791,444020,4.45
10/19/2021,11103858,14053130,5745895,52.97,111.18,5289972,57.53,140.72,701,18749,1877,0.79,444073,4.45
10/20/2021,11114005,14104550,5748134,52.99,111.29,5292090,57.56,141.23,10147,17472,1749,0.788,450184,4.51
10/21/2021,11123961,14151580,5750258,53.01,111.39,5294112,57.58,141.7,9956,14818,1484,0.786,456290,4.57
10/22/2021,11140293,14231270,5757563,53.08,111.55,5301096,57.65,142.5,16332,13334,1335,0.783,459057,4.6
10/23/2021,11179955,14305980,5765073,53.15,111.95,5308437,57.73,143.25,39662,15722,1574,0.781,484304,4.85
10/24/2021,11230996,14303690,5774882,53.24,112.46,5317328,57.82,143.23,51041,18847,1887,0.785,517095,5.18
10/25/2021,11268319,14303410,5781965,53.29,112.83,5322469,57.9,143.22,37323,23595,2363,0.788,542342,5.43
10/26/2021,11287404,14329880,5785238,53.31,113.02,5324409,57.93,143.49,19085,26221,2626,0.788,556286,5.57
10/27/2021,11322161,14457510,5790731,53.35,113.37,5328112,57.98,144.77,34757,29737,2978,0.783,582228,5.83
10/28/2021,11374039,14572780,5798831,53.4,113.89,5332993,58.06,145.92,51878,35725,3577,0.78,621513,6.22
10/29/2021,11421987,14698110,5805594,53.45,114.37,5337811,58.13,147.17,47948,40242,4029,0.777,658285,6.59
10/30/2021,11468579,14782090,5812548,53.49,114.84,5342043,58.2,148.02,46592,41232,4129,0.776,694106,6.95
10/31/2021,11517164,14782960,5819440,53.54,115.32,5346511,58.27,148.02,48585,40881,4093,0.779,731816,7.33
11/1/2021,11549214,14779060,5824254,53.56,115.64,5349425,58.32,147.99,32050,40128,4018,0.781,756401,7.57
11/2/2021,11566071,14891920,5826968,53.58,115.81,5351156,58.35,149.12,16857,39810,3986,0.777,768950,7.7
11/3/2021,11600123,15009670,5832084,53.62,116.15,5354730,58.4,150.29,34052,39709,3976,0.773,794755,7.96
11/4/2021,11642444,15156510,5838470,53.66,116.58,5359104,58.46,151.76,42321,38344,3839,0.768,826860,8.28
11/5/2021,11681838,15182710,5844248,53.7,116.97,5362760,58.52,152.03,39394,37122,3717,0.769,857323,8.58
11/6/2021,11722931,15213550,5851167,53.74,117.38,5366694,58.59,152.34,41093,36336,3638,0.771,888165,8.89
11/7/2021,11775855,15267770,5860936,53.79,117.91,5371650,58.69,152.88,52924,36956,3700,0.771,927009,9.28
11/8/2021,11819898,15274970,5869999,53.83,118.35,5376121,58.78,152.95,44043,38669,3872,0.774,957929,9.59
11/9/2021,11836574,15428290,5875001,53.85,118.52,5377840,58.83,154.49,16676,38643,3869,0.767,968118,9.69
11/10/2021,11873950,15558970,5885185,53.88,118.9,5381337,58.93,155.79,37376,39118,3917,0.763,992356,9.94
11/11/2021,,,,,,,,,,37223,3727,,,
11/12/2021,11932057,15768010,5903777,53.94,119.48,5386461,59.12,157.89,,35746,3579,0.757,1027298,10.29
11/13/2021,12027411,15868250,5932123,54.01,120.43,5394380,59.4,158.89,95354,43497,4355,0.758,1087530,10.89
11/14/2021,12106761,15867020,5949046,54.07,121.23,5399540,59.57,158.88,79350,47272,4733,0.763,1145447,11.47
11/15/2021,12146037,15866340,5962294,54.1,121.62,5402564,59.7,158.87,39276,46591,4665,0.766,1168785,11.7
11/16/2021,12167903,15908600,5969227,54.12,121.84,5404429,59.77,159.3,21866,47333,4740,0.765,1182101,11.84
11/17/2021,12208429,15969580,5981816,54.15,122.24,5408137,59.9,159.91,40526,47783,4785,0.764,1206942,12.09
11/18/2021,12261664,16102160,5995656,54.2,122.78,5412454,60.04,161.23,53235,51237,5130,0.761,1242648,12.44
11/19/2021,12316155,16202120,6010677,54.24,123.32,5416627,60.19,162.23,54491,54871,5494,0.76,1278542,12.8
11/20/2021,12372373,16295130,6024050,54.28,123.89,5420764,60.32,163.17,56218,49280,4934,0.759,1317805,13.2
11/21/2021,12434711,16292820,6039533,54.32,124.51,5425273,60.47,163.14,62338,46850,4691,0.763,1360843,13.63
11/22/2021,12476069,16287540,6050609,54.35,124.92,5428268,60.59,163.09,41358,47147,4721,0.766,1388491,13.9
11/23/2021,12502388,16343680,6056767,54.37,125.19,5430099,60.65,163.65,26319,47784,4785,0.765,1407087,14.09
11/24/2021,12554249,16400130,6069178,54.41,125.71,5433838,60.77,164.22,51861,49403,4947,0.765,1443377,14.45
11/25/2021,,,,,,,,,,43670,4373,,,
11/26/2021,,,,,,,,,,37758,3781,,,
11/27/2021,,,,,,,,,,31599,3164,,,
11/28/2021,,,,,,,,,,24566,2460,,,
11/29/2021,12619775,16365490,6085874,54.46,126.36,5439034,60.94,163.87,,20529,2056,0.771,1487745,14.9
11/30/2021,12750259,16473840,6115092,54.59,127.67,5451997,61.23,164.96,130484,35410,3546,0.774,1577357,15.79
12/1/2021,12793470,16563560,6123311,54.67,128.1,5460170,61.31,165.85,43211,34174,3422,0.772,1604737,16.07
12/2/2021,12844066,16647430,6133203,54.78,128.61,5470903,61.41,166.69,50596,39530,3958,0.772,1635231,16.37
12/3/2021,12903723,16752280,6143709,54.9,129.21,5482861,61.52,167.74,59657,46181,4624,0.77,1673131,16.75
12/4/2021,12973185,16768180,6156202,55.03,129.9,5495667,61.64,167.9,69462,54231,5430,0.774,1717980,17.2
12/5/2021,13035927,16761140,6166981,55.15,130.53,5507797,61.75,167.83,62742,61322,6140,0.778,1758433,17.61
12/6/2021,13075257,16759460,6173400,55.25,130.92,5517866,61.82,167.82,39330,65069,6515,0.78,1781614,17.84
12/7/2021,13083449,16853470,6175261,55.27,131.01,5519936,61.83,168.76,8192,47599,4766,0.776,1785990,17.88
12/8/2021,13129819,17001930,6183195,55.37,131.47,5529817,61.91,170.24,46370,48050,4811,0.772,1815152,18.18
12/9/2021,13178300,17101050,6191265,55.46,131.96,5538735,61.99,171.24,48481,47748,4781,0.771,1847139,18.5
12/10/2021,13205897,17236870,6196738,55.52,132.23,5544303,62.05,172.6,27597,43168,4322,0.766,1863991,18.66
12/11/2021,13232691,17290510,6201782,55.57,132.5,5549499,62.1,173.13,26794,37072,3712,0.765,1880835,18.83
12/12/2021,13344337,17293570,6218729,55.78,133.62,5570795,62.27,173.16,111646,44059,4412,0.772,1955237,19.58
12/13/2021,13387427,17293570,6226169,55.87,134.05,5579829,62.34,173.16,43090,44596,4465,0.774,1982174,19.85
12/14/2021,13402445,17376240,6228816,55.9,134.2,5582626,62.37,173.99,15018,45571,4563,0.771,1991976,19.95
12/15/2021,13447493,17433460,6236590,55.99,134.65,5591222,62.45,174.56,45048,45382,4544,0.771,2021075,20.24
12/16/2021,13498695,17554190,6245230,56.07,135.16,5599581,62.53,175.77,51202,45771,4583,0.769,2055838,20.59
12/17/2021,13550097,17699720,6254114,56.15,135.68,5608026,62.62,177.23,51402,49171,4924,0.766,2090536,20.93
12/18/2021,13598154,17654830,6262743,56.23,136.16,5615135,62.71,176.78,48057,52209,5228,0.77,2123386,21.26
12/19/2021,13649069,17649650,6271811,56.3,136.67,5622475,62.8,176.73,50915,43533,4359,0.773,2158295,21.61
12/20/2021,13678183,17639150,6277252,56.34,136.96,5626837,62.86,176.62,29114,41537,4159,0.775,2177786,21.81
12/21/2021,13697167,17680490,6280955,56.37,137.15,5629547,62.89,177.04,18984,42103,4216,0.775,2190481,21.93
12/22/2021,13740805,17755300,6288830,56.44,137.59,5636787,62.97,177.79,43638,41902,4196,0.774,2219350,22.22
12/23/2021,13791653,17851710,6298825,56.52,138.1,5644292,63.07,178.75,50848,41851,4191,0.773,2253081,22.56
12/24/2021,,,,,,,,,,36256,3630,,,
12/25/2021,,,,,,,,,,31138,3118,,,
12/26/2021,,,,,,,,,,25612,2565,,,
12/27/2021,13840590,17809060,6308784,56.59,138.59,5651307,63.17,178.32,,23201,2323,0.777,2285394,22.88
12/28/2021,13909514,17809060,6322530,56.68,139.28,5660716,63.31,178.32,68924,30335,3037,0.781,2331674,23.35
12/29/2021,13939281,17995270,6328657,56.74,139.58,5666366,63.37,180.19,29767,28354,2839,0.775,2349909,23.53
12/30/2021,13979476,18022240,6337587,56.81,139.98,5673450,63.46,180.46,40195,26832,2687,0.776,2374549,23.78
12/31/2021,,,,,,,,,,28234,2827,,,
1/1/2022,,,,,,,,,,29637,2968,,,
1/2/2022,,,,,,,,,,31039,3108,,,
1/3/2022,,,,,,,,,,32442,3248,,,
1/4/2022,14089732,17993970,6361901,56.98,141.08,5690977,63.7,180.18,,25745,2578,0.783,2444065,24.47
1/5/2022,14116247,18107310,6367463,57.04,141.35,5696274,63.76,181.31,26515,25281,2531,0.78,2460033,24.63
1/6/2022,14151800,18418430,6374999,57.1,141.7,5702584,63.83,184.43,35553,24618,2465,0.768,2482196,24.85
1/7/2022,14185348,18418430,6382258,57.16,142.04,5708301,63.91,184.43,33548,26260,2629,0.77,2503092,25.06
1/8/2022,14219075,18596890,6389511,57.21,142.38,5713920,63.98,186.21,33727,27928,2796,0.765,2524274,25.28
1/9/2022,14257567,18585590,6397592,57.28,142.76,5720073,64.06,186.1,38492,30277,3032,0.767,2548870,25.52
1/10/2022,14280604,18585690,6402816,57.32,142.99,5724083,64.11,186.1,23037,30418,3046,0.768,2562864,25.66
1/11/2022,14295769,18618690,6406312,57.34,143.15,5726397,64.15,186.43,15165,29434,2947,0.768,2572365,25.76
1/12/2022,14323849,18705160,6412573,57.39,143.43,5731419,64.21,187.3,28080,29657,2970,0.766,2589440,25.93
1/13/2022,14354925,18736160,6419798,57.45,143.74,5737156,64.28,187.61,31076,29018,2906,0.766,2607890,26.11
1/14/2022,14386081,18819480,6426474,57.5,144.05,5742728,64.35,188.44,31156,28676,2871,0.764,2627145,26.31
1/15/2022,14415999,18897780,6432930,57.55,144.35,5747857,64.41,189.23,29918,28132,2817,0.763,2645766,26.49
1/16/2022,,,,,,,,,,25636,2567,,,
1/17/2022,,,,,,,,,,25348,2538,,,
1/18/2022,14479059,18919710,6446975,57.64,144.98,5756914,64.55,189.45,,26184,2622,0.765,2686239,26.9
1/19/2022,14499667,18957310,6463213,57.74,145.19,5766330,64.72,189.82,20608,25117,2515,0.765,2682509,26.86
1/20/2022,14524082,19001810,6468544,57.79,145.43,5771005,64.77,190.27,24415,24165,2420,0.764,2697153,27.01
1/21/2022,14547119,19031910,6473405,57.83,145.66,5775866,64.82,190.57,23037,23005,2304,0.764,2710687,27.14
1/22/2022,14570002,19126350,6478443,57.88,145.89,5780826,64.87,191.52,22883,22000,2203,0.762,2723829,27.27
1/23/2022,14594370,19126350,6483786,57.93,146.14,5785570,64.92,191.52,24368,22479,2251,0.763,2738327,27.42
1/24/2022,14607799,19126350,6487009,57.95,146.27,5787802,64.96,191.52,13429,21394,2142,0.764,2746395,27.5
1/25/2022,14616141,19150050,6489068,57.97,146.35,5789101,64.98,191.75,8342,19583,1961,0.763,2751430,27.55
1/26/2022,14632332,19173850,6492694,58,146.52,5792701,65.01,191.99,16191,18952,1898,0.763,2760548,27.64
1/27/2022,14650604,19209650,6496407,58.05,146.7,5797034,65.05,192.35,18272,18075,1810,0.763,2770970,27.75
1/28/2022,14668279,19241020,6500424,58.09,146.88,5801386,65.09,192.66,17675,17309,1733,0.762,2780459,27.84
1/29/2022,14687486,19277190,6504619,58.14,147.07,5805887,65.13,193.03,19207,16783,1681,0.762,2791186,27.95
1/30/2022,14708950,19277190,6508993,58.19,147.28,5811233,65.18,193.03,21464,16369,1639,0.763,2803107,28.07
1/31/2022,14712641,19277190,6509768,58.2,147.32,5812209,65.18,193.03,3691,14977,1500,0.763,2805075,28.09
2/1/2022,14713368,19289090,6510061,58.2,147.33,5812467,65.19,193.14,727,13890,1391,0.763,2805268,28.09
2/2/2022,14736596,19309490,6515158,58.26,147.56,5817912,65.24,193.35,23228,14895,1491,0.763,2818146,28.22
2/3/2022,14772719,19328920,6522133,58.32,147.92,5824508,65.31,193.54,36123,17445,1747,0.764,2840847,28.45
2/4/2022,14789947,19365520,6526453,58.37,148.09,5829606,65.35,193.91,17228,17381,1740,0.764,2848778,28.53
2/5/2022,14812526,19367320,6530881,58.44,148.32,5835897,65.39,193.93,22579,17863,1789,0.765,2860803,28.65
2/6/2022,14826284,19367320,6533772,58.48,148.46,5840229,65.42,193.93,13758,16762,1678,0.766,2867475,28.71
2/7/2022,14835463,19367320,6535596,58.51,148.55,5843448,65.44,193.93,9179,17546,1757,0.766,2871700,28.75
2/8/2022,14840450,19446820,6536733,58.53,148.6,5845252,65.45,194.72,4987,18155,1818,0.763,2873790,28.78
2/9/2022,14851423,19492620,6538960,58.56,148.71,5848744,65.48,195.18,10973,16404,1643,0.762,2879161,28.83
2/10/2022,14877836,19528810,6544698,58.62,148.97,5854113,65.53,195.55,26413,15017,1504,0.762,2894630,28.98
2/11/2022,14928996,19571310,6554837,58.71,149.49,5862975,65.63,195.97,51160,19864,1989,0.763,2926912,29.31
2/12/2022,14944976,19594210,6558035,58.75,149.65,5867016,65.67,196.2,15980,18921,1895,0.763,2935808,29.4
2/13/2022,14957841,19594210,6560741,58.79,149.78,5871141,65.69,196.2,12865,18794,1882,0.763,2941977,29.46
2/14/2022,14964584,19594210,6562232,58.81,149.84,5873500,65.71,196.2,6743,18446,1847,0.764,2944920,29.49
2/15/2022,14968955,19609610,6563199,58.83,149.89,5874983,65.72,196.35,4371,18358,1838,0.763,2946881,29.51
2/16/2022,15000426,19628410,6569410,58.88,150.2,5880414,65.78,196.54,31471,21286,2131,0.764,2966822,29.71
2/17/2022,15059670,19849130,6571661,58.91,150.79,5883644,65.8,198.75,59244,25976,2601,0.759,3020733,30.25
2/18/2022,15075506,19893930,6574423,58.95,150.95,5887012,65.83,199.2,15836,20930,2096,0.758,3030582,30.35
2/19/2022,15086338,19906730,6576803,58.98,151.06,5889772,65.85,199.33,10832,20195,2022,0.758,3036404,30.4
2/20/2022,,,,,,,,,,19593,1962,,,
2/21/2022,,,,,,,,,,19866,1989,,,
2/22/2022,15112295,19925730,6582520,59.04,151.32,5896569,65.91,199.52,,20477,2050,0.758,3050117,30.54
2/23/2022,15120202,19950630,6584423,59.07,151.4,5898922,65.93,199.77,7907,17111,1713,0.758,3053921,30.58
2/24/2022,15173971,19969530,6594683,59.15,151.94,5906732,66.03,199.96,53769,16329,1635,0.76,3089731,30.94
2/25/2022,15197805,20002230,6599764,59.2,152.18,5912531,66.08,200.29,23834,17471,1749,0.76,3102839,31.07
2/26/2022,,,,,,,,,,16239,1626,,,
2/27/2022,,,,,,,,,,15318,1534,,,
2/28/2022,,,,,,,,,,14398,1442,,,
3/1/2022,15206634,20022330,6600414,59.21,152.27,5913506,66.09,200.49,,13477,1349,0.759,3109846,31.14
3/2/2022,15240011,20032930,6606190,59.27,152.6,5919399,66.15,200.59,33377,17116,1714,0.761,3131736,31.36
3/3/2022,15264748,20073530,6610697,59.31,152.85,5923005,66.19,201,24737,12968,1299,0.76,3148484,31.53
3/4/2022,15289016,20103130,6615883,59.35,153.09,5926909,66.25,201.3,24268,13030,1305,0.761,3163739,31.68
3/5/2022,15302740,20131130,6618629,59.39,153.23,5930835,66.27,201.58,13724,14675,1469,0.76,3170912,31.75
3/6/2022,15314621,20131230,6621064,59.41,153.35,5933644,66.3,201.58,11881,16057,1608,0.761,3177651,31.82
3/7/2022,15347785,20131230,6627199,59.46,153.68,5938356,66.36,201.58,33164,20480,2051,0.762,3200019,32.04
3/8/2022,15352977,20152530,6628386,59.48,153.73,5939765,66.37,201.79,5192,20906,2093,0.762,3202662,32.07
3/9/2022,15357930,20159430,6629617,59.49,153.78,5941285,66.38,201.86,4953,16846,1687,0.762,3205012,32.09
3/10/2022,15363600,20174130,6630992,59.51,153.84,5942850,66.4,202.01,5670,14122,1414,0.762,3207826,32.12
3/11/2022,15368643,20197230,6632121,59.52,153.89,5944234,66.41,202.24,5043,11375,1139,0.761,3210429,32.15
3/12/2022,15373963,20197230,6633409,59.54,153.94,5945719,66.42,202.24,5320,10175,1019,0.761,3213052,32.17
3/13/2022,15380226,20197230,6634747,59.55,154,5947569,66.43,202.24,6263,9372,938,0.762,3216218,32.2
3/14/2022,15383062,20208830,6635406,59.56,154.03,5948418,66.44,202.35,2836,5040,505,0.761,3217567,32.22
3/15/2022,15384992,20215010,6635891,59.57,154.05,5948977,66.45,202.42,1930,4574,458,0.761,3218478,32.23
3/16/2022,15389332,20226510,6636918,59.58,154.1,5950255,66.46,202.53,4340,4486,449,0.761,3220601,32.25
3/17/2022,15394339,20255110,6638082,59.59,154.15,5951610,66.47,202.82,5007,4391,440,0.76,3223156,32.27
3/18/2022,15399383,20288710,6639175,59.61,154.2,5952818,66.48,203.15,5044,4391,440,0.759,3225971,32.3
3/19/2022,15404840,20288710,6640304,59.62,154.25,5954155,66.49,203.15,5457,4411,442,0.759,3229039,32.33
3/20/2022,15410124,20288710,6641437,59.63,154.3,5955593,66.5,203.15,5284,4271,428,0.76,3231825,32.36
3/21/2022,15413701,20288710,6642167,59.64,154.34,5956481,66.51,203.15,3577,4377,438,0.76,3233827,32.38
3/22/2022,15415774,20288710,6642621,59.65,154.36,5957021,66.51,203.15,2073,4397,440,0.76,3234932,32.39
3/23/2022,15419967,20322110,6643526,59.66,154.4,5958102,66.52,203.49,4193,4376,438,0.759,3237208,32.41
3/24/2022,15424860,20332310,6644665,59.67,154.45,5959340,66.53,203.59,4893,4360,437,0.759,3239789,32.44
3/25/2022,15430326,20348110,6645912,59.68,154.51,5960593,66.55,203.75,5466,4420,443,0.758,3242826,32.47
3/26/2022,15441703,20369810,6648682,59.71,154.62,5962891,66.57,203.97,11377,5266,527,0.758,3249232,32.54
3/27/2022,15446970,20369810,6649945,59.72,154.67,5964322,66.59,203.97,5267,5264,527,0.758,3251931,32.56
3/28/2022,15449817,20369810,6650605,59.73,154.7,5965097,66.59,203.97,2847,5159,517,0.758,3253415,32.58
3/29/2022,15451561,20389610,6651019,59.73,154.72,5965509,66.6,204.16,1744,5112,512,0.758,3254353,32.59
3/30/2022,15455717,20404410,6651944,59.74,154.76,5966478,66.61,204.31,4156,5107,511,0.757,3256674,32.61
3/31/2022,15460686,20455410,6653096,59.75,154.81,5967627,66.62,204.82,4969,5118,512,0.756,3259413,32.64
4/1/2022,15469335,20455710,6654179,59.77,154.9,5968749,66.63,204.83,8649,5573,558,0.756,3265936,32.7
4/2/2022,15485157,20580110,6655445,59.78,155.06,5970279,66.64,206.07,15822,6208,622,0.752,3279047,32.83
4/3/2022,15504608,20580110,6656885,59.8,155.25,5971990,66.66,206.07,19451,8234,824,0.753,3295418,33
4/4/2022,15517396,20580110,6657906,59.81,155.38,5973061,66.67,206.07,12788,9654,967,0.754,3306150,33.11
4/5/2022,15526028,20603510,6658599,59.82,155.46,5973825,66.67,206.31,8632,10638,1065,0.754,3313351,33.18
4/6/2022,15540852,20647510,6659710,59.83,155.61,5975135,66.68,206.75,14824,12162,1218,0.753,3325804,33.3
4/7/2022,15559087,20683910,6661112,59.85,155.8,5976672,66.7,207.11,18235,14057,1408,0.752,3341153,33.46
4/8/2022,15577523,20735410,6662379,59.86,155.98,5978285,66.71,207.63,18436,15455,1548,0.751,3356771,33.61
4/9/2022,15594683,20735410,6663718,59.88,156.15,5979779,66.72,207.63,17160,15647,1567,0.752,3371152,33.76
4/10/2022,15614502,20775810,6665101,59.89,156.35,5981339,66.74,208.03,19819,15699,1572,0.752,3388100,33.93
4/11/2022,15621697,20775810,6665765,59.9,156.42,5982067,66.75,208.03,7195,14900,1492,0.752,3393922,33.98
4/12/2022,15633963,20796610,6666599,59.91,156.55,5983088,66.75,208.24,12266,15419,1544,0.752,3404391,34.09
4/13/2022,15647982,20822510,6667765,59.92,156.69,5984400,66.77,208.5,14019,15304,1532,0.751,3415990,34.2
4/14/2022,15667286,20858810,6669203,59.94,156.88,5986009,66.78,208.86,19304,15457,1548,0.751,3432291,34.37
4/15/2022,15685168,20960810,6670519,59.95,157.06,5987550,66.79,209.88,17882,15378,1540,0.748,3447398,34.52
4/16/2022,,,,,,,,,,15325,1535,,,
4/17/2022,15718745,20989010,6673001,59.98,157.39,5990488,66.82,210.17,,14892,1491,0.749,3475687,34.8
4/18/2022,15728666,20989010,6673776,59.99,157.49,5991370,66.83,210.17,9921,15281,1530,0.749,3483982,34.89
4/19/2022,15728708,20991410,6674004,59.99,157.49,5991453,66.83,210.19,42,13535,1355,0.749,3483713,34.88
4/20/2022,15739802,21028210,6674960,60,157.61,5992453,66.84,210.56,11094,13117,1313,0.749,3492909,34.98
4/21/2022,15757161,21066610,6676294,60.02,157.78,5994110,66.85,210.94,17359,12839,1286,0.748,3507339,35.12
4/22/2022,,,,,,,,,,12527,1254,,,
4/23/2022,15788554,21141910,6678899,60.06,158.09,5997663,66.88,211.7,,12371,1239,0.747,3532709,35.37
4/24/2022,15804230,21141910,6680116,60.07,158.25,5999089,66.89,211.7,15676,12212,1223,0.748,3545798,35.5
4/25/2022,15812786,21141910,6680855,60.08,158.34,5999822,66.9,211.7,8556,12017,1203,0.748,3552940,35.58
4/26/2022,15817172,21166510,6681328,60.08,158.38,6000288,66.9,211.94,4386,12638,1265,0.747,3556413,35.61
4/27/2022,15817257,21182910,6681484,60.08,158.38,6000376,66.9,212.11,85,11065,1108,0.747,3556259,35.61
4/28/2022,,,,,,,,,,11394,1141,,,
4/29/2022,15856581,21276810,6684631,60.12,158.77,6003969,66.93,213.05,,11960,1198,0.745,3589015,35.94
4/30/2022,15869982,21319710,6685773,60.13,158.91,6005191,66.95,213.48,13401,11633,1165,0.744,3600141,36.05
5/1/2022,15883605,21319710,6686850,60.14,159.05,6006527,66.96,213.48,13623,11339,1135,0.745,3611404,36.16
5/2/2022,15890801,21319710,6687389,60.15,159.12,6007188,66.96,213.48,7196,11145,1116,0.745,3617429,36.22
5/3/2022,15896164,21328410,6688069,60.16,159.17,6007791,66.97,213.56,5363,11285,1130,0.745,3621538,36.26
5/4/2022,15906503,21344710,6690746,60.18,159.27,6010029,67,213.73,10339,12749,1277,0.745,3627033,36.32
5/5/2022,15922751,21381210,6692096,60.19,159.44,6011530,67.01,214.09,16248,12262,1228,0.745,3640515,36.45
5/6/2022,15934620,21422910,6693155,60.21,159.56,6012754,67.02,214.51,11869,11148,1116,0.744,3650175,36.55
5/7/2022,15946800,21440910,6694299,60.22,159.68,6014066,67.03,214.69,12180,10974,1099,0.744,3660011,36.65
5/8/2022,15959302,21440910,6695344,60.23,159.8,6015378,67.04,214.69,12502,10814,1083,0.744,3670237,36.75
5/9/2022,15966970,21440910,6696020,60.24,159.88,6016167,67.05,214.69,7668,10881,1090,0.745,3676469,36.81
5/10/2022,15970350,21457610,6696476,60.24,159.91,6016557,67.05,214.86,3380,10598,1061,0.744,3679023,36.84
5/11/2022,,,,,,,,,,10724,1074,,,
5/12/2022,15992798,21535910,6698645,60.27,160.14,6019133,67.07,215.64,,10007,1002,0.743,3696857,37.02
5/13/2022,16005014,21591310,6699741,60.28,160.26,6020397,67.09,216.2,12216,10056,1007,0.741,3706797,37.12
5/14/2022,16017392,21622610,6700891,60.3,160.38,6021620,67.1,216.51,12378,10085,1010,0.741,3716892,37.22
5/15/2022,16029093,21622610,6701788,60.31,160.5,6022677,67.11,216.51,11701,9970,998,0.741,3726680,37.32
5/16/2022,16038600,21622610,6702521,60.31,160.6,6023520,67.11,216.51,9507,10233,1025,0.742,3734629,37.4
5/17/2022,16043399,21633810,6703077,60.32,160.65,6023998,67.12,216.62,4799,10436,1045,0.742,3738411,37.43
5/18/2022,16054197,21662310,6704099,60.33,160.75,6025114,67.13,216.91,10798,10375,1039,0.741,3747129,37.52
5/19/2022,16067654,21691110,6705207,60.34,160.89,6026365,67.14,217.2,13457,10694,1071,0.741,3758274,37.63
5/20/2022,16080662,21735810,6706348,60.36,161.02,6027630,67.15,217.64,13008,10807,1082,0.74,3768904,37.74
5/21/2022,16094768,21778710,6707545,60.37,161.16,6028906,67.16,218.07,14106,11054,1107,0.739,3780583,37.86
5/22/2022,16094825,21778710,6707622,60.37,161.16,6028966,67.16,218.07,57,9390,940,0.739,3780506,37.85
5/23/2022,16094827,21778710,6707667,60.37,161.16,6028993,67.16,218.07,2,8032,804,0.739,3780436,37.85
5/24/2022,16120324,21811610,6709821,60.39,161.42,6031075,67.19,218.4,25497,10989,1100,0.739,3801775,38.07
5/25/2022,16133211,21830310,6710933,60.4,161.54,6032319,67.2,218.59,12887,11288,1130,0.739,3812343,38.17
5/26/2022,16146930,21887910,6712160,60.42,161.68,6033637,67.21,219.17,13719,11325,1134,0.738,3823565,38.29
5/27/2022,16164196,21962510,6713694,60.43,161.85,6035264,67.23,219.91,17266,11933,1195,0.736,3837741,38.43
5/28/2022,,,,,,,,,,10341,1035,,,
5/29/2022,,,,,,,,,,10756,1077,,,
5/30/2022,,,,,,,,,,11179,1119,,,
5/31/2022,16176045,21982310,6714874,60.44,161.97,6036495,67.24,220.11,,7960,797,0.736,3847219,38.52
6/1/2022,16198760,21997710,6717133,60.47,162.2,6038777,67.26,220.27,22715,9364,938,0.736,3865482,38.71
6/2/2022,16205395,22020010,6717817,60.48,162.27,6039571,67.27,220.49,6635,8352,836,0.736,3870658,38.76
6/3/2022,16214095,22048510,6718674,60.48,162.35,6040499,67.28,220.78,8700,7128,714,0.735,3877571,38.83
6/4/2022,16219861,22085510,6719272,60.49,162.41,6041073,67.28,221.15,5766,7529,754,0.734,3882178,38.87
6/5/2022,16224461,22085910,6719756,60.5,162.46,6041594,67.29,221.15,4600,7763,777,0.735,3885801,38.91
6/6/2022,16225627,22085910,6719896,60.5,162.47,6041726,67.29,221.15,1166,7506,752,0.735,3886703,38.92
6/7/2022,16225866,22115310,6719991,60.5,162.47,6041792,67.29,221.44,239,7117,713,0.734,3886785,38.92
6/8/2022,16229967,22141210,6721212,60.51,162.51,6042923,67.3,221.7,4101,4458,446,0.733,3888608,38.94
6/9/2022,16254418,22209410,6723816,60.53,162.76,6045512,67.33,222.39,24451,7003,701,0.732,3907950,39.13
6/10/2022,16262750,22261210,6724734,60.54,162.84,6046495,67.34,222.91,8332,6951,696,0.731,3914416,39.2
6/11/2022,16271373,22282110,6725678,60.55,162.93,6047434,67.35,223.11,8623,7359,737,0.73,3921194,39.26
6/12/2022,16275870,22282110,6726111,60.56,162.97,6047880,67.35,223.11,4497,7344,735,0.73,3924837,39.3
6/13/2022,16276732,22282110,6726224,60.56,162.98,6047968,67.35,223.11,862,7301,731,0.73,3925501,39.31
6/14/2022,16276979,22291310,6726316,60.56,162.98,6048034,67.35,223.21,247,7302,731,0.73,3925592,39.31
6/15/2022,16281208,22312410,6727202,60.57,163.03,6048771,67.36,223.42,4229,7320,733,0.73,3928234,39.33
6/16/2022,16281256,22335610,6727296,60.57,163.03,6048847,67.36,223.65,48,3834,384,0.729,3928121,39.33
